-- Jeu de données exemple

-- On vide les tables
DELETE FROM ef_plate;
DELETE FROM ef_daily_list;
DELETE FROM ef_contact;
DELETE FROM ef_employee;
DELETE FROM ef_cook;
DELETE FROM ef_delivery_guy;
DELETE FROM ef_client;
DELETE FROM ef_order;
DELETE FROM ef_order_content;
DELETE FROM ef_daily_list_content;

-- On insère les données

-- Plats
INSERT INTO ef_plate(pl_name, pl_type)
VALUES
-- Plats
	('Tartiflette', 'plat'),
	('Poëlée montagnarde', 'plat'),
	('Burger vosgien', 'plat'),
	('Salade vosgienne', 'plat'),
	('Aligot', 'plat'),
	('Carottes rapées', 'plat'),
	('Betteraves rouges', 'plat'),
	('Gratin dauphinois', 'plat'),
	('Gratin de choux-fleurs', 'plat'),
	('Gratin de brocolis', 'plat'),
	('Salade niçoise', 'plat'),
	('Coquilles saint Jacques', 'plat'),
	('Nems au poulet', 'plat'),
	('Pizza 4 fromages', 'plat'),
	('Riz cantonnais', 'plat'),
	('Omelette aux olives', 'plat'),
	('Quiche lorraine', 'plat'),
	('Pot au feu', 'plat'),
	('Pizza reine', 'plat'),
	('Risotto aux olives', 'plat'),
	('Croques monsieur', 'plat'),
	('Soupe aux légumes', 'plat'),
	('Tomates farcies', 'plat'),
	('Poivrons farcis', 'plat'),
	('Aubergines farcies', 'plat'),
-- Desserts
	('Crumble aux pommes', 'dessert'),
	('Clafoutis aux pommes', 'dessert'),
	('Tarte aux pommes', 'dessert'),
	('Compote de pommes', 'dessert'),
	('Crumble aux poires', 'dessert'),
	('Clafoutis aux poires', 'dessert'),
	('Tarte aux poires', 'dessert'),
	('Compote de poires', 'dessert'),
	('Crumble aux prunes', 'dessert'),
	('Clafoutis aux prunes', 'dessert'),
	('Tarte aux prunes', 'dessert'),
	('Compote de prunes', 'dessert'),
	('Crumble aux cerises', 'dessert'),
	('Clafoutis aux cerises', 'dessert'),
	('Tarte aux cerises', 'dessert'),
	('Compote de cerises', 'dessert'),
	('Mousse au chocolat', 'dessert'),
	('Brownie au chocolat', 'dessert'),
	('Charlotte aux framboises', 'dessert'),
	('Paris Brest', 'dessert'),
	('Crèpes au nutella', 'dessert');

-- Listes journalières
INSERT INTO ef_daily_list(dl_date)
VALUES
	('2018-05-15'),
	('2018-05-16'),
	('2018-05-17'),
	('2018-05-18'),
	('2018-05-19'),
	('2018-05-20'),
	('2018-05-21'),
	('2018-05-22'),
	('2018-05-23'),
	('2018-05-24'),
	('2018-05-25'),
	('2018-05-26'),
	('2018-05-27'),
	('2018-05-28'),
	('2018-05-29'),
	('2018-05-30'),
	('2018-05-31');

-- Contenu des listes journalières
INSERT INTO ef_daily_list_content(dlc_list_date, dlc_plate_name)
VALUES
	('2018-05-15', 'Tartiflette'),
	('2018-05-15', 'Pot au feu'),
	('2018-05-15', 'Crèpes au nutella'),
	('2018-05-15', 'Brownie au chocolat'),
	('2018-05-16', 'Poëlée montagnarde'),
	('2018-05-16', 'Aubergines farcies'),
	('2018-05-16', 'Mousse au chocolat'),
	('2018-05-16', 'Compote de cerises'),
	('2018-05-17', 'Burger vosgien'),
	('2018-05-17', 'Poivrons farcis'),
	('2018-05-17', 'Clafoutis aux cerises'),
	('2018-05-17', 'Tarte aux cerises'),
	('2018-05-18', 'Salade vosgienne'),
	('2018-05-18', 'Tomates farcies'),
	('2018-05-18', 'Clafoutis aux cerises'),
	('2018-05-18', 'Crumble aux pommes'),
	('2018-05-19', 'Aligot'),
	('2018-05-19', 'Soupe aux légumes'),
	('2018-05-19', 'Crumble aux cerises'),
	('2018-05-19', 'Clafoutis aux pommes'),
	('2018-05-20', 'Carottes rapées'),
	('2018-05-20', 'Croques monsieur'),
	('2018-05-20', 'Compote de prunes'),
	('2018-05-20', 'Tarte aux pommes'),
	('2018-05-21', 'Betteraves rouges'),
	('2018-05-21', 'Risotto aux olives'),
	('2018-05-21', 'Tarte aux prunes'),
	('2018-05-21', 'Compote de pommes'),
	('2018-05-22', 'Gratin dauphinois'),
	('2018-05-22', 'Pizza reine'),
	('2018-05-22', 'Clafoutis aux prunes'),
	('2018-05-22', 'Crumble aux poires'),
	('2018-05-23', 'Gratin de choux-fleurs'),
	('2018-05-23', 'Pot au feu'),
	('2018-05-23', 'Crumble aux prunes'),
	('2018-05-23', 'Clafoutis aux prunes'),
	('2018-05-24', 'Gratin de brocolis'),
	('2018-05-24', 'Quiche lorraine'),
	('2018-05-24', 'Clafoutis aux prunes'),
	('2018-05-24', 'Mousse au chocolat'),
	('2018-05-25', 'Salade niçoise'),
	('2018-05-25', 'Omelette aux olives'),
	('2018-05-25', 'Compote de poires'),
	('2018-05-25', 'Crumble aux poires'),
	('2018-05-26', 'Coquilles saint Jacques'),
	('2018-05-26', 'Riz cantonnais'),
	('2018-05-26', 'Tarte aux poires'),
	('2018-05-26', 'Paris Brest'),
	('2018-05-27', 'Nems au poulet'),
	('2018-05-27', 'Pizza 4 fromages'),
	('2018-05-27', 'Clafoutis aux poires'),
	('2018-05-27', 'Charlotte aux framboises'),
	('2018-05-28', 'Poëlée montagnarde'),
	('2018-05-28', 'Quiche lorraine'),
	('2018-05-28', 'Crumble aux poires'),
	('2018-05-28', 'Tarte aux cerises'),
	('2018-05-29', 'Salade niçoise'),
	('2018-05-29', 'Salade vosgienne'),
	('2018-05-29', 'Compote de pommes'),
	('2018-05-29', 'Crèpes au nutella'),
	('2018-05-30', 'Omelette aux olives'),
	('2018-05-30', 'Burger vosgien'),
	('2018-05-30', 'Tarte aux pommes'),
	('2018-05-30', 'Brownie au chocolat'),
	('2018-05-31', 'Quiche lorraine'),
	('2018-05-31', 'Gratin de choux-fleurs'),
	('2018-05-31', 'Clafoutis aux pommes'),
	('2018-05-31', 'Compote de cerises');

-- Coordonnées
INSERT INTO ef_contact(con_name, con_surname, con_phone_number, con_email, con_street, con_zip_code, con_city)
VALUES
	('Gilbert', 'Muda', '01.13.10.04.87', 'gilbert.muda@gmail.com', '59, rue Marguerite', '94300', 'VINCENNES'),
	('Hector', 'Gnol', '04.15.48.91.63', 'hector.gnol@gmail.com',  '51, rue Gustave Eiffel', '69140', 'RILLIEUX-LA-PAPE'),
	('Jim', 'Agine', '03.83.85.75.91', 'jim.agine@gmail.com', '80, place Maurice-Charretier', '08000', 'CHARLEVILLE-MÉZIÈRES'),
	('Amélie', 'Ksir', '04.62.70.99.71', 'amelie.ksir@gmail.com', '71, rue Reine Elisabeth', '06500', 'MENTON'),
	('Eva', 'Kué', '04.19.34.91.56', 'eva.kue@gmail.com', '42, rue des Soeurs', '13600', 'LA CIOTAT'),
	('Alex', 'Ception', '03.37.17.87.86', 'alex.ception@gmail.com', '32, rue Pierre Motte', '88100', 'SAINT-DIÉ'),
	('Lenny', 'Bards', '04.87.96.32.43', 'lenny.bards@gmail.com', '30, rue Grande Fusterie', '69006', 'LYON');

-- Clients
INSERT INTO ef_client(cl_contact_id)
VALUES
	(1),
	(2),
	(3);

-- Employés
INSERT INTO ef_employee(em_contact_id)
VALUES
	(4),
	(5),
	(6),
	(7);
	
-- Cuisiniers
INSERT INTO ef_cook(co_employee_id)
VALUES
	(1);

-- Livreurs
INSERT INTO ef_delivery_guy(dg_employee_id, dg_status, dg_position_latitude, dg_position_longitude)
VALUES
	(2, 'attente', 45.7669, 4.7896),
	(3, 'en livraison', 45.7863, 4.8253),
	(4, 'en livraison', 45.7763, 4.8053);

-- Commandes
INSERT INTO ef_order(o_date, o_status, o_delivery_guy_id)
VALUES
	('2018-05-27 16:45:33', 'Livrée', 3),
	('2018-05-18 19:14:32', 'Livrée', 2),
	('2018-05-18 11:16:35', 'Annulée', NULL),
	('2018-05-23 18:18:23', 'Annulée', NULL),
	('2018-05-27 13:04:16', 'Livrée', 3),
	('2018-05-25 13:23:24', 'Livrée', 3),
	('2018-05-15 20:31:18', 'Livrée', 4),
	('2018-05-21 12:58:53', 'Livrée', 2),
	('2018-05-19 16:12:41', 'Livrée', 3),
	('2018-05-25 12:55:02', 'Annulée', NULL),
	('2018-05-15 13:00:17', 'Livrée', 4),
	('2018-05-16 20:54:09', 'Livrée', 4),
	('2018-05-25 16:28:24', 'Annulée', NULL),
	('2018-05-29 20:35:24', 'Annulée', NULL),
	('2018-05-31 13:13:03', 'Livrée', 4),
	('2018-05-25 20:14:07', 'Livrée', 3),
	('2018-05-27 19:58:04', 'Annulée', NULL),
	('2018-05-30 17:10:43', 'Livrée', 2),
	('2018-05-16 14:18:22', 'Livrée', 3),
	('2018-05-16 12:47:40', 'Annulée', NULL),
	('2018-05-17 16:32:41', 'Livrée', 4),
	('2018-05-29 20:40:45', 'Livrée', 2),
	('2018-05-30 13:33:42', 'Livrée', 2),
	('2018-05-18 17:16:28', 'Livrée', 2),
	('2018-05-16 12:13:28', 'Livrée', 3),
	('2018-05-28 19:26:50', 'Livrée', 3),
	('2018-05-26 18:47:39', 'Livrée', 4),
	('2018-05-21 17:13:15', 'Livrée', 3),
	('2018-05-18 19:02:25', 'Livrée', 4),
	('2018-05-19 18:09:39', 'Livrée', 4),
	('2018-05-28 19:16:25', 'Annulée', NULL),
	('2018-05-15 13:16:15', 'Livrée', 2),
	('2018-05-19 19:43:16', 'Livrée', 4),
	('2018-05-17 16:56:04', 'Livrée', 2),
	('2018-05-16 15:50:17', 'Livrée', 3),
	('2018-05-15 20:51:38', 'Livrée', 2),
	('2018-05-30 12:07:08', 'Livrée', 2),
	('2018-05-31 19:42:27', 'Livrée', 3),
	('2018-05-29 20:57:05', 'Livrée', 2),
	('2018-05-31 19:37:35', 'Livrée', 4),
	('2018-05-25 15:15:54', 'Livrée', 4),
	('2018-05-22 14:17:33', 'Annulée', NULL),
	('2018-05-22 14:33:25', 'Livrée', 2),
	('2018-05-23 12:09:49', 'Livrée', 3),
	('2018-05-15 17:54:22', 'Livrée', 2),
	('2018-05-17 18:27:54', 'Livrée', 3),
	('2018-05-18 18:30:30', 'Livrée', 3),
	('2018-05-21 19:05:42', 'Livrée', 4),
	('2018-05-21 13:51:44', 'Annulée', NULL),
	('2018-05-25 13:08:18', 'Livrée', 4),
	('2018-05-25 12:19:01', 'Livrée', 3),
	('2018-05-16 12:20:55', 'Livrée', 3),
	('2018-05-23 20:38:31', 'Livrée', 2),
	('2018-05-30 14:55:11', 'Livrée', 3),
	('2018-05-17 16:20:23', 'Livrée', 4),
	('2018-05-30 13:46:54', 'Livrée', 2),
	('2018-05-16 12:05:08', 'Livrée', 4),
	('2018-05-17 19:19:20', 'Livrée', 2),
	('2018-05-18 16:01:49', 'Livrée', 3),
	('2018-05-20 18:27:17', 'Livrée', 4),
	('2018-05-28 11:49:58', 'Livrée', 2),
	('2018-05-24 20:35:00', 'Livrée', 3),
	('2018-05-30 15:38:36', 'Annulée', NULL),
	('2018-05-16 15:58:37', 'Livrée', 2),
	('2018-05-26 20:58:07', 'Livrée', 3),
	('2018-05-22 14:52:58', 'Livrée', 3),
	('2018-05-16 17:28:26', 'Livrée', 4),
	('2018-05-19 18:09:32', 'Livrée', 2),
	('2018-05-27 17:11:14', 'Livrée', 4),
	('2018-05-23 19:52:43', 'Livrée', 4),
	('2018-05-17 17:54:40', 'Livrée', 2),
	('2018-05-19 14:33:26', 'Livrée', 2),
	('2018-05-21 13:55:24', 'Livrée', 2),
	('2018-05-22 13:13:06', 'Livrée', 4),
	('2018-05-30 12:00:34', 'Livrée', 3),
	('2018-05-19 15:24:35', 'Livrée', 4),
	('2018-05-29 20:26:52', 'Livrée', 2),
	('2018-05-24 19:09:20', 'Livrée', 4),
	('2018-05-26 14:59:25', 'Annulée', NULL),
	('2018-05-22 16:20:58', 'Livrée', 4),
	('2018-05-18 15:58:58', 'Livrée', 2),
	('2018-05-21 11:56:55', 'Livrée', 4),
	('2018-05-20 17:36:08', 'Livrée', 2),
	('2018-05-20 14:19:30', 'Livrée', 4),
	('2018-05-22 14:39:46', 'Livrée', 3),
	('2018-05-18 13:39:46', 'Livrée', 2),
	('2018-05-18 11:03:40', 'Livrée', 3),
	('2018-05-20 20:35:14', 'Livrée', 2),
	('2018-05-29 19:12:06', 'Livrée', 4),
	('2018-05-27 13:18:57', 'Livrée', 3),
	('2018-05-31 12:00:51', 'Annulée', NULL),
	('2018-05-23 18:30:25', 'Livrée', 3),
	('2018-05-26 18:09:52', 'Livrée', 4),
	('2018-05-18 13:27:08', 'Livrée', 4),
	('2018-05-19 18:16:42', 'Livrée', 2),
	('2018-05-31 18:22:04', 'Livrée', 4),
	('2018-05-30 13:34:54', 'Livrée', 3),
	('2018-05-18 11:03:23', 'Livrée', 2),
	('2018-05-30 19:34:23', 'Livrée', 2),
	('2018-05-15 16:46:45', 'Livrée', 3);

-- Contenu des commandes
INSERT INTO ef_order_content(oc_plate_name, oc_order_id, oc_quantity)
VALUES
	('Salade vosgienne', 1, 2),
	('Burger vosgien', 2, 1),
	('Omelette aux olives', 3, 2),
	('Riz cantonnais', 4, 3),
	('Nems au poulet', 5, 1),
	('Riz cantonnais', 6, 1),
	('Betteraves rouges', 7, 1),
	('Coquilles saint Jacques', 8, 1),
	('Gratin de brocolis', 9, 3),
	('Quiche lorraine', 10, 4),
	('Omelette aux olives', 11, 3),
	('Gratin de brocolis', 12, 1),
	('Gratin de brocolis', 13, 1),
	('Pot au feu', 14, 2),
	('Gratin dauphinois', 15, 1),
	('Salade niçoise', 16, 3),
	('Carottes rapées', 17, 1),
	('Gratin de choux-fleurs', 18, 1),
	('Gratin de brocolis', 19, 3),
	('Omelette aux olives', 20, 2),
	('Poivrons farcis', 21, 4),
	('Pot au feu', 22, 4),
	('Gratin de brocolis', 23, 4),
	('Aligot', 24, 1),
	('Gratin de choux-fleurs', 25, 1),
	('Carottes rapées', 26, 2),
	('Aligot', 27, 3),
	('Carottes rapées', 28, 3),
	('Coquilles saint Jacques', 29, 3),
	('Quiche lorraine', 30, 2),
	('Coquilles saint Jacques', 31, 3),
	('Riz cantonnais', 32, 2),
	('Soupe aux légumes', 33, 3),
	('Aligot', 34, 4),
	('Poëlée montagnarde', 35, 3),
	('Pizza reine', 36, 2),
	('Burger vosgien', 37, 1),
	('Salade vosgienne', 38, 2),
	('Tartiflette', 39, 2),
	('Burger vosgien', 40, 1),
	('Risotto aux olives', 41, 2),
	('Tomates farcies', 42, 3),
	('Tomates farcies', 43, 3),
	('Omelette aux olives', 44, 3),
	('Omelette aux olives', 45, 1),
	('Burger vosgien', 46, 2),
	('Pizza 4 fromages', 47, 1),
	('Burger vosgien', 48, 3),
	('Tomates farcies', 49, 4),
	('Aligot', 50, 3),
	('Coquilles saint Jacques', 51, 3),
	('Tartiflette', 52, 4),
	('Aubergines farcies', 53, 2),
	('Omelette aux olives', 54, 3),
	('Soupe aux légumes', 55, 4),
	('Quiche lorraine', 56, 1),
	('Pizza reine', 57, 3),
	('Carottes rapées', 58, 3),
	('Gratin dauphinois', 59, 3),
	('Aubergines farcies', 60, 4),
	('Aubergines farcies', 61, 2),
	('Soupe aux légumes', 62, 1),
	('Burger vosgien', 63, 3),
	('Salade vosgienne', 64, 1),
	('Nems au poulet', 65, 1),
	('Nems au poulet', 66, 1),
	('Coquilles saint Jacques', 67, 2),
	('Riz cantonnais', 68, 2),
	('Gratin de choux-fleurs', 69, 3),
	('Omelette aux olives', 70, 4),
	('Croques monsieur', 71, 1),
	('Poëlée montagnarde', 72, 4),
	('Pot au feu', 73, 4),
	('Risotto aux olives', 74, 3),
	('Tomates farcies', 75, 2),
	('Aubergines farcies', 76, 4),
	('Aubergines farcies', 77, 2),
	('Betteraves rouges', 78, 4),
	('Carottes rapées', 79, 3),
	('Tartiflette', 80, 1),
	('Croques monsieur', 81, 1),
	('Carottes rapées', 82, 2),
	('Poëlée montagnarde', 83, 1),
	('Tartiflette', 84, 4),
	('Aubergines farcies', 85, 3),
	('Salade niçoise', 86, 1),
	('Tomates farcies', 87, 2),
	('Salade vosgienne', 88, 2),
	('Carottes rapées', 89, 4),
	('Quiche lorraine', 90, 3),
	('Aubergines farcies', 91, 4),
	('Nems au poulet', 92, 3),
	('Nems au poulet', 93, 2),
	('Poivrons farcis', 94, 2),
	('Poëlée montagnarde', 95, 4),
	('Gratin de choux-fleurs', 96, 2),
	('Omelette aux olives', 97, 1),
	('Gratin de brocolis', 98, 4),
	('Gratin de brocolis', 99, 3),
	('Pizza 4 fromages', 100, 1),
	('Clafoutis aux cerises', 1, 3),
	('Crumble aux cerises', 2, 1),
	('Charlotte aux framboises', 3, 2),
	('Crèpes au nutella', 4, 4),
	('Charlotte aux framboises', 5, 4),
	('Brownie au chocolat', 6, 1),
	('Crèpes au nutella', 7, 2),
	('Clafoutis aux poires', 8, 2),
	('Clafoutis aux cerises', 9, 2),
	('Crumble aux cerises', 10, 4),
	('Compote de poires', 11, 4),
	('Clafoutis aux pommes', 12, 1),
	('Brownie au chocolat', 13, 4),
	('Tarte aux cerises', 14, 4),
	('Compote de prunes', 15, 1),
	('Compote de prunes', 16, 2),
	('Crumble aux cerises', 17, 2),
	('Crumble aux pommes', 18, 4),
	('Crumble aux cerises', 19, 2),
	('Crumble aux cerises', 20, 2),
	('Compote de poires', 21, 3),
	('Mousse au chocolat', 22, 4),
	('Compote de cerises', 23, 4),
	('Compote de cerises', 24, 4),
	('Clafoutis aux prunes', 25, 1),
	('Tarte aux cerises', 26, 2),
	('Crumble aux cerises', 27, 3),
	('Compote de prunes', 28, 1),
	('Tarte aux prunes', 29, 3),
	('Mousse au chocolat', 30, 4),
	('Tarte aux prunes', 31, 2),
	('Mousse au chocolat', 32, 2),
	('Compote de cerises', 33, 1),
	('Clafoutis aux cerises', 34, 4),
	('Compote de pommes', 35, 1),
	('Tarte aux pommes', 36, 3),
	('Tarte aux prunes', 37, 1),
	('Paris Brest', 38, 2),
	('Crèpes au nutella', 39, 1),
	('Paris Brest', 40, 2),
	('Mousse au chocolat', 41, 3),
	('Crèpes au nutella', 42, 2),
	('Charlotte aux framboises', 43, 2),
	('Brownie au chocolat', 44, 3),
	('Compote de cerises', 45, 1),
	('Tarte aux prunes', 46, 4),
	('Tarte aux cerises', 47, 3),
	('Compote de pommes', 48, 1),
	('Crèpes au nutella', 49, 3),
	('Tarte aux prunes', 50, 2),
	('Crumble aux poires', 51, 3),
	('Mousse au chocolat', 52, 3),
	('Brownie au chocolat', 53, 3),
	('Clafoutis aux prunes', 54, 3),
	('Charlotte aux framboises', 55, 1),
	('Crumble aux pommes', 56, 4),
	('Crumble aux poires', 57, 1),
	('Crumble aux cerises', 58, 3),
	('Tarte aux prunes', 59, 4),
	('Tarte aux prunes', 60, 2),
	('Brownie au chocolat', 61, 3),
	('Crumble aux poires', 62, 3),
	('Clafoutis aux cerises', 63, 3),
	('Crèpes au nutella', 64, 1),
	('Charlotte aux framboises', 65, 1),
	('Clafoutis aux pommes', 66, 4),
	('Clafoutis aux pommes', 67, 1),
	('Tarte aux poires', 68, 3),
	('Compote de pommes', 69, 1),
	('Charlotte aux framboises', 70, 4),
	('Brownie au chocolat', 71, 1),
	('Tarte aux pommes', 72, 4),
	('Tarte aux cerises', 73, 3),
	('Tarte aux prunes', 74, 2),
	('Clafoutis aux prunes', 75, 2),
	('Compote de poires', 76, 3),
	('Clafoutis aux cerises', 77, 1),
	('Crumble aux pommes', 78, 2),
	('Mousse au chocolat', 79, 3),
	('Tarte aux pommes', 80, 3),
	('Tarte aux prunes', 81, 2),
	('Tarte aux cerises', 82, 2),
	('Clafoutis aux poires', 83, 3),
	('Compote de pommes', 84, 3),
	('Clafoutis aux poires', 85, 2),
	('Clafoutis aux prunes', 86, 1),
	('Compote de cerises', 87, 1),
	('Crumble aux cerises', 88, 1),
	('Compote de prunes', 89, 4),
	('Mousse au chocolat', 90, 2),
	('Tarte aux pommes', 91, 4),
	('Charlotte aux framboises', 92, 1),
	('Crumble aux cerises', 93, 1),
	('Brownie au chocolat', 94, 4),
	('Mousse au chocolat', 95, 3),
	('Mousse au chocolat', 96, 1),
	('Clafoutis aux prunes', 97, 3),
	('Paris Brest', 98, 3),
	('Crèpes au nutella', 99, 4),
	('Compote de cerises', 100, 2);